,school,sex,age,address,famsize,Pstatus,Medu,Fedu,Mjob,Fjob,reason,nursery,internet,guardianx,traveltimex,studytimex,failuresx,schoolsupx,famsup.x,paidmat,activitiesx,higherx,romantic.x,famrelx,freetimex,gooutx,Dalcx,Walcx,healthx,absencesx,G3x,failuresy,paidport,freetime.y,absencesy,G3y
0,GP,F,15,R,GT3,T,1,1,at_home,other,home,yes,yes,mother,2,4,1,yes,yes,yes,yes,yes,no,3,1,2,1,1,1,2,10,0,yes,1,4,13
1,GP,F,15,R,GT3,T,1,1,other,other,reputation,no,yes,mother,1,2,2,yes,yes,no,no,yes,yes,3,3,4,2,4,5,2,5,0,no,3,2,11
2,GP,F,15,R,GT3,T,2,2,at_home,other,reputation,yes,no,mother,1,1,0,yes,yes,yes,yes,yes,no,4,3,1,1,1,2,8,13,0,no,3,8,12
3,GP,F,15,R,GT3,T,2,4,services,health,course,yes,yes,mother,1,3,0,yes,yes,yes,yes,yes,no,4,3,2,1,1,5,2,8,0,no,3,2,10
4,GP,F,15,R,GT3,T,3,3,services,services,reputation,yes,yes,other,2,3,2,no,yes,yes,yes,yes,yes,4,2,1,2,3,3,8,10,0,yes,2,2,13
5,GP,F,15,R,GT3,T,3,4,services,health,course,yes,yes,mother,1,3,0,yes,yes,yes,yes,yes,no,4,3,2,1,1,5,2,11,0,no,3,2,12
6,GP,F,15,R,GT3,T,3,4,services,teacher,course,yes,yes,father,2,3,2,no,yes,no,no,yes,yes,4,2,2,2,2,5,0,0,0,no,2,0,12
7,GP,F,15,R,LE3,T,2,2,health,services,reputation,yes,yes,mother,2,2,0,yes,yes,yes,no,yes,no,4,1,3,1,3,4,2,8,0,no,1,0,11
8,GP,F,15,R,LE3,T,3,1,other,other,reputation,no,yes,father,2,4,0,no,yes,no,no,yes,no,4,4,2,2,3,3,12,16,0,no,4,6,15
9,GP,F,15,U,GT3,A,3,3,other,health,reputation,yes,no,father,1,4,0,yes,no,no,no,yes,no,4,3,3,1,1,4,10,11,0,no,3,10,10
10,GP,F,15,U,GT3,A,4,3,services,services,reputation,yes,yes,mother,1,2,0,no,yes,yes,yes,yes,no,4,3,2,1,1,1,0,15,0,no,3,0,15
11,GP,F,15,U,GT3,T,1,1,at_home,other,course,no,yes,mother,3,1,0,no,yes,no,yes,yes,yes,4,3,3,1,2,4,0,0,0,no,3,6,13
12,GP,F,15,U,GT3,T,1,1,other,other,home,no,yes,father,1,2,0,no,yes,no,yes,yes,no,4,3,2,2,3,4,2,10,0,no,3,2,12
13,GP,F,15,U,GT3,T,1,1,other,services,course,yes,yes,father,1,2,0,no,yes,yes,no,yes,no,4,4,2,1,2,5,0,11,0,no,4,0,12
14,GP,F,15,U,GT3,T,1,2,at_home,other,course,no,yes,mother,1,2,0,no,yes,yes,no,yes,no,4,3,2,1,1,5,2,11,0,no,3,6,13
15,GP,F,15,U,GT3,T,1,2,at_home,services,course,no,yes,mother,1,2,0,no,no,no,no,yes,no,3,2,3,1,2,1,2,15,0,no,2,0,14
16,GP,F,15,U,GT3,T,2,1,services,other,reputation,yes,yes,father,3,3,0,no,yes,no,yes,yes,no,5,2,2,1,1,4,4,12,0,no,2,0,13
17,GP,F,15,U,GT3,T,2,2,other,other,course,yes,yes,mother,1,4,0,yes,yes,yes,no,yes,no,5,1,2,1,1,3,8,8,0,no,1,4,10
18,GP,F,15,U,GT3,T,2,3,other,other,other,yes,no,father,2,1,0,no,yes,no,yes,yes,no,3,5,1,1,1,5,0,6,0,no,5,4,11
19,GP,F,15,U,GT3,T,3,2,health,services,home,yes,yes,father,1,2,3,no,yes,no,no,yes,no,3,3,2,1,1,3,0,0,1,no,3,2,11
20,GP,F,15,U,GT3,T,3,2,services,other,home,yes,yes,mother,2,2,0,yes,yes,yes,no,yes,no,4,3,5,1,1,2,26,6,0,no,3,16,10
21,GP,F,15,U,GT3,T,4,2,health,services,home,yes,yes,mother,1,3,0,no,yes,yes,yes,yes,yes,3,2,2,1,1,5,2,15,0,no,2,0,14
22,GP,F,15,U,GT3,T,4,2,other,other,reputation,yes,yes,mother,1,3,0,no,yes,no,yes,yes,no,5,3,3,1,3,1,4,14,0,no,3,4,15
23,GP,F,15,U,GT3,T,4,3,services,other,reputation,yes,yes,mother,1,1,0,no,no,yes,yes,yes,no,4,5,5,1,3,1,4,18,0,no,5,6,13
24,GP,F,15,U,GT3,T,4,4,services,at_home,course,yes,yes,mother,1,3,0,no,yes,no,yes,yes,yes,4,3,3,1,1,5,0,0,0,no,3,4,15
25,GP,F,15,U,GT3,T,4,4,services,services,course,yes,yes,mother,1,1,0,yes,yes,yes,no,yes,no,3,3,4,2,3,5,0,11,0,no,3,0,12
26,GP,F,15,U,GT3,T,4,4,services,services,reputation,yes,yes,father,2,2,2,no,no,yes,no,yes,yes,4,4,4,2,3,5,6,8,0,no,4,4,12
27,GP,F,15,U,GT3,T,4,4,services,teacher,other,no,yes,father,1,2,1,yes,yes,no,yes,yes,no,4,4,4,1,1,3,2,7,0,no,4,2,12
28,GP,F,15,U,GT3,T,4,4,teacher,health,reputation,yes,yes,mother,1,2,0,no,yes,yes,no,yes,no,3,3,3,1,2,2,0,9,0,no,3,2,14
29,GP,F,15,U,GT3,T,4,4,teacher,services,course,yes,yes,mother,1,3,0,no,yes,yes,yes,yes,no,4,2,2,1,1,5,2,11,0,no,2,2,13
30,GP,F,15,U,GT3,T,4,4,teacher,teacher,course,yes,yes,mother,2,1,0,no,no,no,yes,yes,no,4,3,2,1,1,5,0,15,0,no,3,6,14
31,GP,F,15,U,LE3,A,3,3,other,other,other,yes,yes,mother,1,1,0,no,no,yes,no,yes,no,5,3,4,4,4,1,6,13,0,no,3,0,13
32,GP,F,15,U,LE3,A,3,4,other,other,home,yes,yes,mother,1,2,0,yes,no,no,yes,yes,yes,5,3,2,1,1,1,0,11,0,no,3,0,11
33,GP,F,15,U,LE3,A,4,3,other,other,course,yes,yes,mother,1,2,0,yes,yes,yes,yes,yes,yes,5,2,2,1,1,5,8,6,0,yes,2,4,11
34,GP,F,15,U,LE3,T,1,1,at_home,other,other,yes,yes,mother,1,2,3,yes,no,yes,no,yes,no,4,3,2,2,3,3,10,10,0,no,3,6,12
35,GP,F,15,U,LE3,T,3,2,services,other,reputation,yes,yes,mother,1,2,0,no,yes,yes,no,yes,no,4,4,4,1,1,5,10,6,0,no,4,4,11
36,GP,F,15,U,LE3,T,4,2,health,other,other,yes,yes,mother,1,2,0,no,yes,yes,no,yes,no,4,3,3,1,1,5,2,13,0,no,3,0,16
37,GP,F,15,U,LE3,T,4,3,services,services,reputation,yes,yes,father,1,2,0,yes,no,no,yes,yes,yes,4,4,4,2,4,2,0,10,0,no,4,0,12
38,GP,F,16,R,GT3,T,2,2,services,services,reputation,no,yes,mother,2,4,0,no,yes,yes,yes,yes,no,5,3,5,1,1,5,6,11,0,no,3,6,13
39,GP,F,16,R,GT3,T,3,3,services,other,reputation,yes,yes,father,1,3,1,yes,yes,no,yes,yes,no,4,1,2,1,1,2,0,10,0,no,1,4,11
40,GP,F,16,R,GT3,T,4,4,health,teacher,other,yes,no,mother,1,2,0,no,yes,no,yes,yes,no,2,4,4,2,3,4,6,11,0,no,4,0,16
41,GP,F,16,U,GT3,A,2,1,other,other,other,yes,yes,mother,1,2,0,no,no,yes,yes,yes,yes,5,3,4,1,1,2,8,10,0,no,3,2,12
42,GP,F,16,U,GT3,A,2,2,other,other,reputation,yes,yes,mother,1,2,0,yes,yes,yes,no,yes,no,3,3,4,1,1,4,0,14,0,no,3,0,13
43,GP,F,16,U,GT3,A,3,1,services,other,course,yes,yes,mother,1,2,3,no,yes,yes,no,yes,no,2,3,3,2,2,4,5,7,0,no,3,2,12
44,GP,F,16,U,GT3,A,3,3,other,other,course,no,yes,other,2,1,2,no,yes,no,yes,yes,yes,4,3,2,1,1,5,0,0,0,no,3,4,10
45,GP,F,16,U,GT3,A,3,4,services,other,course,yes,yes,father,1,1,0,no,no,no,no,yes,no,3,2,1,1,4,5,16,11,0,no,2,12,14
46,GP,F,16,U,GT3,T,1,1,at_home,other,home,yes,no,mother,2,1,0,no,yes,yes,no,yes,no,4,3,2,1,4,5,6,10,0,no,3,2,13
47,GP,F,16,U,GT3,T,1,1,services,services,course,no,yes,father,4,1,0,yes,yes,no,yes,yes,yes,5,5,5,5,5,5,6,11,0,no,5,0,16
48,GP,F,16,U,GT3,T,1,3,at_home,services,home,no,yes,mother,1,2,3,no,no,no,yes,yes,yes,4,3,5,1,1,3,0,0,0,no,3,0,13
49,GP,F,16,U,GT3,T,2,1,other,other,course,yes,no,mother,1,2,0,no,yes,yes,no,yes,yes,4,3,5,1,1,5,2,10,0,no,3,0,12
50,GP,F,16,U,GT3,T,2,1,other,other,home,yes,yes,mother,1,1,0,no,no,no,no,yes,yes,4,5,2,1,1,5,20,12,0,no,5,4,10
51,GP,F,16,U,GT3,T,2,2,at_home,other,home,yes,yes,mother,1,2,1,yes,no,no,yes,yes,no,3,1,2,1,1,5,6,13,1,no,1,12,10
52,GP,F,16,U,GT3,T,2,2,other,other,home,no,yes,mother,1,2,0,no,yes,yes,no,yes,no,5,1,5,1,1,4,0,0,0,no,1,0,13
53,GP,F,16,U,GT3,T,2,2,other,other,home,yes,yes,mother,1,2,0,no,no,yes,no,yes,yes,5,4,4,1,1,5,0,8,0,no,4,0,11
54,GP,F,16,U,GT3,T,2,2,other,other,reputation,yes,yes,mother,1,4,0,no,no,yes,no,yes,yes,5,2,3,1,3,3,0,11,0,no,2,1,13
55,GP,F,16,U,GT3,T,2,2,services,other,reputation,no,yes,mother,2,2,0,no,no,yes,yes,yes,no,3,4,4,1,4,5,2,11,0,no,4,0,14
56,GP,F,16,U,GT3,T,2,2,services,services,home,no,yes,mother,1,1,2,no,yes,yes,no,yes,no,1,2,2,1,3,5,14,8,0,no,2,6,12
57,GP,F,16,U,GT3,T,2,3,other,other,reputation,yes,no,mother,1,2,0,yes,yes,yes,yes,yes,no,4,4,3,1,3,4,6,10,0,no,4,4,12
58,GP,F,16,U,GT3,T,2,3,services,services,course,yes,yes,mother,1,2,0,no,no,no,no,yes,no,4,3,3,1,1,2,10,13,0,no,3,6,13
59,GP,F,16,U,GT3,T,2,3,services,teacher,other,yes,yes,mother,1,2,0,yes,no,no,no,yes,no,2,3,1,1,1,3,2,17,0,no,3,0,14
60,GP,F,16,U,GT3,T,3,1,services,other,course,yes,yes,mother,1,4,0,yes,yes,yes,no,yes,no,4,3,3,1,2,5,4,6,0,no,3,0,10
61,GP,F,16,U,GT3,T,3,2,other,other,reputation,yes,yes,mother,1,2,0,no,yes,yes,no,yes,no,1,2,2,1,2,1,14,12,0,no,2,8,16
62,GP,F,16,U,GT3,T,3,3,other,other,home,yes,no,father,1,2,0,no,yes,yes,no,yes,no,4,3,2,1,2,5,4,10,0,no,3,0,13
63,GP,F,16,U,GT3,T,3,3,other,other,home,yes,yes,mother,1,3,0,no,yes,yes,no,yes,yes,4,3,3,1,3,4,0,8,0,no,3,2,11
64,GP,F,16,U,GT3,T,3,3,other,other,reputation,yes,no,mother,3,2,0,yes,yes,no,yes,yes,no,5,3,2,1,1,4,4,10,0,no,3,2,14
65,GP,F,16,U,GT3,T,3,3,other,services,home,yes,yes,mother,1,2,0,yes,yes,yes,yes,yes,no,4,3,3,2,4,5,54,11,0,no,3,4,11
66,GP,F,16,U,GT3,T,3,4,at_home,other,course,yes,yes,mother,1,2,0,no,yes,no,no,yes,no,2,4,3,1,2,3,12,5,0,no,4,14,11
67,GP,F,16,U,GT3,T,4,2,health,services,home,yes,yes,father,1,2,0,no,no,yes,no,yes,yes,4,2,3,1,1,3,0,16,0,no,2,0,18
68,GP,F,16,U,GT3,T,4,2,services,other,course,yes,yes,mother,1,2,0,no,yes,no,no,yes,no,4,2,3,1,1,5,2,16,0,yes,2,2,16
69,GP,F,16,U,GT3,T,4,2,teacher,services,home,yes,yes,mother,2,2,0,no,yes,yes,yes,yes,no,5,3,3,1,1,1,0,10,0,no,3,2,14
70,GP,F,16,U,GT3,T,4,3,health,other,home,yes,yes,mother,1,2,0,no,yes,no,yes,yes,no,4,3,5,1,5,2,2,16,0,no,3,2,15
71,GP,F,16,U,GT3,T,4,3,other,at_home,course,yes,yes,mother,1,3,0,yes,yes,yes,no,yes,no,5,3,5,1,1,3,0,8,0,no,3,2,13
72,GP,F,16,U,GT3,T,4,3,teacher,health,home,yes,yes,mother,1,3,0,yes,yes,yes,yes,yes,no,3,4,4,2,4,4,2,9,0,no,4,0,13
73,GP,F,16,U,GT3,T,4,3,teacher,other,other,yes,yes,mother,1,2,0,no,no,yes,yes,yes,yes,1,3,2,1,1,1,10,13,0,no,3,4,15
74,GP,F,16,U,GT3,T,4,4,health,health,reputation,yes,yes,mother,1,2,0,no,yes,yes,no,yes,yes,4,4,2,1,1,3,0,14,0,no,4,0,17
75,GP,F,16,U,GT3,T,4,4,health,other,home,yes,yes,mother,1,1,0,no,yes,no,no,yes,no,4,4,4,1,2,2,4,14,0,no,4,6,17
76,GP,F,16,U,GT3,T,4,4,other,other,reputation,no,yes,mother,1,1,0,no,no,no,yes,yes,no,5,3,4,1,2,1,6,14,0,no,3,4,13
77,GP,F,16,U,GT3,T,4,4,services,services,reputation,yes,yes,mother,1,3,0,no,yes,yes,yes,yes,no,3,2,3,1,2,2,6,14,0,no,2,10,14
78,GP,F,16,U,GT3,T,4,4,teacher,services,home,no,yes,mother,1,3,0,no,yes,no,yes,yes,no,5,3,2,1,1,5,0,14,0,no,3,4,16
79,GP,F,16,U,LE3,A,3,3,other,services,home,yes,yes,mother,1,2,0,no,yes,no,no,yes,no,2,3,5,1,4,3,12,11,0,no,3,6,13
80,GP,F,16,U,LE3,T,1,1,at_home,at_home,course,yes,yes,mother,1,1,0,no,no,no,no,yes,no,3,4,4,3,3,1,2,13,0,no,4,4,11
81,GP,F,16,U,LE3,T,1,2,other,services,reputation,yes,yes,father,1,2,0,yes,no,no,yes,yes,no,4,4,3,1,1,1,4,9,0,no,4,0,10
82,GP,F,16,U,LE3,T,2,2,at_home,other,course,yes,no,mother,1,2,0,no,yes,no,no,yes,no,4,3,4,1,2,2,4,6,0,no,3,6,11
83,GP,F,16,U,LE3,T,2,2,other,at_home,course,yes,yes,father,2,2,1,yes,no,no,yes,yes,no,4,3,3,2,2,5,14,9,1,no,3,14,11
84,GP,F,16,U,LE3,T,2,2,other,other,home,no,yes,mother,2,2,1,no,yes,no,yes,yes,yes,3,3,3,1,2,3,25,11,0,no,3,16,10
85,GP,F,16,U,LE3,T,2,2,services,services,course,yes,yes,mother,3,2,0,no,yes,yes,no,yes,no,4,3,3,2,3,4,2,13,0,no,3,0,13
86,GP,F,16,U,LE3,T,2,4,other,health,course,yes,yes,father,2,2,0,no,yes,yes,yes,yes,yes,4,2,2,1,2,5,2,13,0,no,2,2,13
87,GP,F,16,U,LE3,T,3,1,other,other,home,yes,no,father,1,2,0,yes,yes,no,no,yes,no,3,3,3,2,3,2,4,6,0,no,3,0,12
88,GP,F,16,U,LE3,T,3,3,other,other,reputation,yes,yes,mother,2,2,0,no,yes,yes,yes,yes,no,4,4,5,1,1,4,4,9,0,no,4,0,15
89,GP,F,16,U,LE3,T,4,3,teacher,services,course,yes,yes,mother,3,2,0,no,yes,no,yes,yes,no,5,4,3,1,2,1,2,15,0,no,4,2,16
90,GP,F,16,U,LE3,T,4,4,health,health,other,yes,yes,mother,1,3,0,no,yes,yes,yes,yes,yes,5,4,5,1,1,4,4,16,0,no,4,2,14
91,GP,F,16,U,LE3,T,4,4,teacher,teacher,reputation,yes,yes,mother,1,2,0,no,yes,yes,no,yes,no,4,5,2,1,2,3,0,10,0,no,5,0,11
92,GP,F,17,R,GT3,A,3,2,other,other,home,yes,yes,mother,1,2,0,no,yes,yes,no,yes,no,4,3,3,2,3,2,4,10,0,no,3,0,16
93,GP,F,17,R,GT3,T,2,1,at_home,services,course,yes,no,mother,3,2,0,no,no,no,yes,yes,no,2,1,1,1,1,3,2,11,0,no,1,2,13
94,GP,F,17,R,GT3,T,2,1,at_home,services,reputation,yes,yes,mother,2,2,0,no,yes,no,yes,yes,no,4,2,5,1,2,5,2,6,0,no,2,0,11
95,GP,F,17,R,GT3,T,2,2,other,other,reputation,yes,yes,mother,1,1,0,no,yes,no,no,yes,no,5,3,2,1,2,3,18,6,0,no,3,21,13
96,GP,F,17,R,GT3,T,2,4,at_home,other,course,yes,yes,father,1,3,0,no,yes,no,no,yes,yes,4,4,3,1,1,5,7,14,0,no,4,0,15
97,GP,F,17,R,GT3,T,3,4,at_home,services,course,no,yes,father,1,3,0,no,yes,yes,yes,yes,no,4,3,4,2,5,5,0,10,0,no,3,2,17
98,GP,F,17,R,GT3,T,4,3,teacher,other,reputation,yes,yes,mother,2,3,0,no,yes,yes,yes,yes,yes,4,4,2,1,1,4,6,7,0,no,4,0,12
99,GP,F,17,R,LE3,T,2,2,services,services,course,yes,yes,mother,1,3,0,no,yes,yes,yes,yes,no,3,3,2,2,2,3,3,11,0,no,3,0,10
100,GP,F,17,R,LE3,T,3,1,services,other,reputation,yes,no,mother,2,4,0,no,yes,yes,no,yes,no,3,1,2,1,1,3,6,18,0,no,1,0,19
101,GP,F,17,R,LE3,T,4,4,services,other,other,yes,no,mother,1,1,0,no,yes,yes,no,yes,no,5,2,1,1,2,3,12,10,0,no,2,6,11
102,GP,F,17,U,GT3,A,2,1,other,other,course,yes,yes,mother,2,3,0,no,no,no,yes,yes,yes,3,2,3,1,2,3,10,12,0,no,2,0,16
103,GP,F,17,U,GT3,A,2,2,at_home,at_home,home,yes,yes,father,1,2,1,no,yes,no,no,yes,yes,3,3,1,1,2,4,0,0,0,no,3,18,14
104,GP,F,17,U,GT3,A,3,3,health,other,reputation,no,yes,mother,1,2,0,no,yes,no,no,yes,yes,3,3,3,1,3,3,6,9,0,no,3,10,14
105,GP,F,17,U,GT3,A,4,3,services,services,course,yes,yes,mother,1,2,0,no,yes,yes,no,yes,yes,5,2,2,1,2,5,23,13,0,no,2,14,17
106,GP,F,17,U,GT3,A,4,4,other,teacher,home,yes,no,mother,2,2,0,yes,yes,no,no,yes,no,4,1,4,1,1,1,6,6,0,no,1,2,13
107,GP,F,17,U,GT3,T,1,1,at_home,other,course,no,yes,father,1,2,0,no,yes,no,no,yes,no,5,3,3,1,1,3,4,6,0,no,3,2,11
108,GP,F,17,U,GT3,T,1,1,at_home,other,reputation,yes,no,mother,1,3,1,no,yes,no,yes,yes,yes,4,3,4,1,1,5,0,0,0,no,3,12,12
109,GP,F,17,U,GT3,T,1,1,at_home,services,course,yes,yes,mother,1,2,0,no,no,no,yes,yes,no,5,3,3,1,1,3,0,9,0,no,3,0,12
110,GP,F,17,U,GT3,T,1,1,other,other,course,no,no,mother,1,2,0,no,yes,yes,no,yes,no,4,4,4,1,3,1,4,10,0,no,4,0,15
111,GP,F,17,U,GT3,T,1,1,services,teacher,reputation,yes,yes,mother,1,3,0,no,yes,yes,no,yes,no,4,3,3,1,1,3,6,12,0,no,3,0,14
112,GP,F,17,U,GT3,T,2,2,at_home,at_home,course,yes,yes,mother,1,3,0,no,yes,yes,yes,yes,no,4,3,3,1,1,4,4,10,0,no,3,0,13
113,GP,F,17,U,GT3,T,2,2,other,other,course,no,yes,mother,1,2,0,no,yes,no,no,yes,no,5,4,5,1,2,5,4,11,0,no,4,12,14
114,GP,F,17,U,GT3,T,2,2,other,other,course,yes,no,mother,1,2,0,no,yes,no,no,yes,yes,4,2,2,1,1,3,12,9,0,no,2,4,13
115,GP,F,17,U,GT3,T,2,3,at_home,other,home,yes,no,father,2,1,0,no,yes,yes,no,yes,no,3,3,3,1,4,3,3,8,0,no,3,4,13
116,GP,F,17,U,GT3,T,2,4,at_home,health,reputation,yes,yes,mother,2,2,0,no,yes,yes,no,yes,yes,4,3,3,1,1,1,2,10,0,no,3,6,16
117,GP,F,17,U,GT3,T,2,4,services,services,reputation,yes,no,father,1,2,0,no,yes,no,yes,yes,no,5,4,2,2,3,5,0,17,0,no,4,0,17
118,GP,F,17,U,GT3,T,3,1,services,services,course,no,yes,father,1,3,0,no,yes,no,no,yes,no,3,4,3,2,3,5,1,15,0,no,4,0,17
119,GP,F,17,U,GT3,T,3,2,health,health,reputation,no,yes,father,1,4,0,no,yes,yes,yes,yes,no,5,2,2,1,2,5,0,18,0,no,2,0,18
120,GP,F,17,U,GT3,T,3,2,other,other,course,no,yes,mother,1,2,0,no,no,no,yes,yes,no,5,3,4,1,3,3,10,15,0,no,3,2,17
121,GP,F,17,U,GT3,T,3,2,other,other,home,yes,yes,mother,1,2,0,no,yes,yes,no,yes,yes,4,3,2,2,3,2,0,0,0,no,3,0,15
122,GP,F,17,U,GT3,T,3,3,other,other,home,no,no,mother,1,3,0,no,no,no,yes,yes,no,3,2,3,1,1,4,4,9,0,no,2,2,13
123,GP,F,17,U,GT3,T,3,4,at_home,services,home,yes,yes,mother,1,3,1,no,yes,yes,no,yes,yes,4,4,3,3,4,5,28,9,1,yes,4,14,8
124,GP,F,17,U,GT3,T,3,4,services,other,course,yes,yes,mother,1,3,0,no,no,no,no,yes,no,4,4,5,1,3,5,16,15,0,no,4,8,14
125,GP,F,17,U,GT3,T,4,2,other,other,reputation,yes,yes,mother,2,3,0,no,yes,yes,no,yes,no,4,3,3,1,1,3,0,14,0,no,3,0,16
126,GP,F,17,U,GT3,T,4,3,health,other,reputation,yes,yes,mother,1,3,0,no,yes,yes,yes,yes,yes,4,4,3,1,3,4,0,15,0,no,4,0,13
127,GP,F,17,U,GT3,T,4,3,health,services,reputation,yes,yes,mother,1,3,0,no,yes,yes,no,yes,no,4,2,2,1,2,3,0,15,0,no,2,0,18
128,GP,F,17,U,GT3,T,4,3,other,other,reputation,yes,yes,mother,1,2,2,no,no,yes,no,yes,yes,3,4,5,2,4,1,22,4,0,no,4,16,10
129,GP,F,17,U,GT3,T,4,4,other,teacher,course,yes,no,mother,1,1,0,yes,yes,no,no,yes,yes,4,2,1,1,1,4,0,12,0,no,2,0,13
130,GP,F,17,U,GT3,T,4,4,services,teacher,home,yes,yes,mother,2,1,1,no,yes,no,no,yes,no,4,2,4,2,3,2,24,18,1,no,2,30,16
131,GP,F,17,U,GT3,T,4,4,teacher,services,course,yes,yes,mother,1,3,0,no,yes,yes,yes,yes,no,5,4,4,1,3,4,7,9,0,yes,3,2,12
132,GP,F,17,U,GT3,T,4,4,teacher,services,course,yes,yes,mother,1,3,0,no,yes,yes,yes,yes,no,5,4,4,1,3,4,7,9,0,no,4,0,13
133,GP,F,17,U,GT3,T,4,4,teacher,teacher,course,no,yes,mother,2,3,0,no,yes,yes,no,yes,yes,4,3,3,1,2,4,4,14,0,no,3,4,15
134,GP,F,17,U,LE3,T,0,2,at_home,at_home,home,yes,yes,father,2,3,0,no,no,no,no,yes,no,3,3,3,2,3,2,0,15,0,no,3,0,15
135,GP,F,17,U,LE3,T,2,2,other,other,course,yes,yes,father,1,1,0,no,yes,no,no,yes,yes,3,4,4,1,3,5,12,12,0,no,4,2,12
136,GP,F,17,U,LE3,T,2,2,services,other,course,yes,yes,mother,2,2,0,yes,yes,yes,no,yes,yes,4,4,4,2,3,5,6,12,0,no,4,6,12
137,GP,F,17,U,LE3,T,2,2,services,services,course,yes,yes,father,1,4,0,no,no,yes,yes,yes,yes,3,4,1,1,1,2,0,0,0,no,4,2,12
138,GP,F,17,U,LE3,T,2,4,services,services,course,yes,yes,father,1,2,0,no,no,no,yes,yes,yes,4,3,2,1,1,5,0,15,0,no,3,8,16
139,GP,F,17,U,LE3,T,3,2,other,other,reputation,yes,yes,mother,2,2,0,no,no,yes,no,yes,no,4,4,4,1,3,1,2,15,0,no,4,2,15
140,GP,F,17,U,LE3,T,3,3,other,other,reputation,yes,yes,mother,1,2,0,no,yes,no,yes,yes,yes,5,3,3,2,3,1,56,8,0,no,3,32,14
141,GP,F,17,U,LE3,T,4,2,teacher,services,reputation,yes,yes,mother,1,4,0,no,yes,yes,yes,yes,no,4,2,3,1,1,4,6,13,0,no,2,2,17
142,GP,F,17,U,LE3,T,4,3,health,other,reputation,yes,yes,father,1,2,0,no,no,no,yes,yes,yes,3,2,3,1,2,3,14,14,0,no,2,0,12
143,GP,F,18,R,GT3,A,3,2,other,services,home,no,yes,mother,2,2,0,no,no,no,no,no,yes,4,1,1,1,1,5,75,9,0,no,1,15,10
144,GP,F,18,R,GT3,T,1,1,at_home,other,course,no,no,mother,3,1,3,no,yes,no,yes,yes,no,5,2,5,1,5,4,6,10,3,no,2,6,11
145,GP,F,18,R,GT3,T,2,1,other,other,reputation,yes,yes,mother,2,2,0,no,yes,no,no,no,yes,4,3,5,1,2,3,0,0,0,no,3,12,10
146,GP,F,18,R,GT3,T,2,2,at_home,other,course,yes,no,mother,2,4,0,no,no,no,yes,yes,no,4,4,4,1,1,4,0,0,0,no,4,6,14
147,GP,F,18,R,GT3,T,3,1,other,other,reputation,yes,yes,mother,1,2,1,no,no,no,yes,yes,yes,5,3,3,1,1,4,16,7,0,no,3,4,8
148,GP,F,18,R,GT3,T,4,4,teacher,other,reputation,yes,yes,mother,2,2,0,no,no,yes,yes,yes,no,4,3,4,2,2,4,8,11,0,no,3,8,12
149,GP,F,18,R,LE3,T,1,1,at_home,other,reputation,yes,no,mother,2,4,0,no,yes,yes,yes,yes,no,5,2,2,1,1,3,1,12,0,no,2,2,18
150,GP,F,18,U,GT3,A,4,4,at_home,teacher,course,yes,no,mother,2,2,0,yes,no,no,no,yes,no,4,3,4,1,1,3,6,6,0,no,3,4,11
151,GP,F,18,U,GT3,T,1,1,other,other,home,yes,yes,mother,2,2,0,yes,no,no,yes,yes,no,5,4,4,1,1,4,4,10,0,no,4,0,13
152,GP,F,18,U,GT3,T,1,1,other,other,home,yes,yes,mother,2,2,0,yes,no,no,yes,yes,no,5,4,4,1,1,4,4,10,0,no,5,0,14
153,GP,F,18,U,GT3,T,2,1,other,other,course,no,yes,other,2,3,0,no,yes,yes,no,yes,yes,4,4,4,1,1,3,0,0,0,no,4,10,11
154,GP,F,18,U,GT3,T,2,1,services,other,course,yes,yes,mother,2,2,0,no,yes,yes,yes,yes,no,5,3,3,1,2,1,0,0,0,no,3,2,15
155,GP,F,18,U,GT3,T,2,2,at_home,at_home,other,yes,yes,mother,1,3,0,no,yes,yes,no,yes,no,4,3,3,1,2,2,5,19,0,no,3,0,18
156,GP,F,18,U,GT3,T,2,2,at_home,services,home,yes,yes,mother,1,3,0,no,yes,yes,yes,yes,yes,4,3,3,1,1,3,0,0,0,no,3,0,13
157,GP,F,18,U,GT3,T,2,3,at_home,other,course,yes,yes,mother,1,3,0,no,yes,no,no,yes,no,4,3,3,1,2,3,4,10,0,no,3,0,14
158,GP,F,18,U,GT3,T,2,3,other,services,reputation,yes,yes,father,1,4,0,no,yes,yes,yes,yes,yes,4,5,5,1,3,2,4,14,0,no,5,10,16
159,GP,F,18,U,GT3,T,3,2,other,services,other,yes,yes,mother,1,3,0,no,no,no,no,yes,yes,5,4,3,2,3,1,7,14,0,no,4,4,17
160,GP,F,18,U,GT3,T,3,3,services,services,home,yes,yes,mother,1,2,0,no,no,no,yes,yes,no,5,3,4,1,1,4,0,0,0,no,3,8,12
161,GP,F,18,U,GT3,T,4,3,other,other,course,yes,yes,mother,1,3,0,no,yes,yes,yes,yes,yes,4,3,4,1,1,5,9,9,0,no,3,2,17
162,GP,F,18,U,GT3,T,4,3,other,other,reputation,yes,yes,father,1,4,0,no,yes,yes,no,yes,no,4,3,3,1,1,3,0,14,0,no,3,0,17
163,GP,F,18,U,GT3,T,4,3,services,other,home,yes,yes,father,1,2,0,no,yes,yes,no,yes,yes,3,1,2,1,3,2,21,18,0,no,1,2,15
164,GP,F,18,U,GT3,T,4,4,health,health,reputation,yes,yes,father,1,2,1,yes,yes,no,yes,yes,yes,2,4,4,1,1,4,15,8,1,no,4,2,13
165,GP,F,18,U,GT3,T,4,4,teacher,other,course,yes,yes,mother,1,2,0,no,yes,yes,no,yes,no,4,4,4,3,3,5,2,11,0,no,4,0,13
166,GP,F,18,U,LE3,A,4,4,health,other,home,yes,yes,mother,1,2,0,no,yes,no,no,yes,yes,4,2,4,1,1,4,14,11,0,yes,2,0,15
167,GP,F,18,U,LE3,T,1,1,other,other,home,no,no,mother,2,2,0,no,yes,yes,no,yes,no,4,4,3,1,1,3,2,11,0,no,4,2,13
168,GP,F,18,U,LE3,T,2,2,other,other,home,no,yes,other,1,2,0,no,no,no,yes,yes,yes,4,3,3,1,1,2,0,0,0,no,3,0,12
169,GP,F,18,U,LE3,T,3,3,services,services,home,yes,yes,mother,1,4,0,no,yes,no,no,yes,no,5,3,3,1,1,1,7,17,0,no,3,4,15
170,GP,F,18,U,LE3,T,4,3,other,other,home,yes,yes,other,2,2,0,no,yes,yes,no,yes,yes,4,4,5,1,2,2,10,8,0,no,4,0,14
171,GP,F,19,U,GT3,T,0,1,at_home,other,course,no,no,other,1,2,3,no,yes,no,no,no,no,3,4,2,1,1,5,2,9,2,no,4,0,11
172,GP,F,19,U,GT3,T,3,3,other,other,reputation,yes,yes,other,1,4,0,no,yes,yes,yes,yes,no,4,3,3,1,2,3,10,8,0,no,3,4,12
173,GP,F,19,U,GT3,T,3,3,other,services,home,yes,yes,other,1,2,2,no,yes,yes,yes,yes,no,4,3,5,3,3,5,15,9,0,no,3,16,12
174,GP,F,19,U,GT3,T,4,4,health,other,reputation,yes,yes,other,2,2,0,no,yes,yes,yes,yes,no,2,3,4,2,3,2,0,0,0,no,3,2,13
175,GP,M,15,R,GT3,T,2,1,health,services,reputation,yes,yes,mother,1,2,0,no,no,no,yes,yes,yes,5,4,2,1,1,5,8,9,0,no,4,4,10
176,GP,M,15,R,GT3,T,2,3,at_home,services,course,yes,no,mother,1,2,0,yes,no,yes,yes,yes,no,4,4,4,1,1,1,2,8,0,yes,4,0,8
177,GP,M,15,R,GT3,T,3,4,at_home,teacher,course,yes,no,mother,4,2,0,no,yes,no,no,yes,yes,5,3,3,1,1,5,0,0,0,no,3,2,11
178,GP,M,15,R,GT3,T,4,3,teacher,at_home,course,yes,yes,mother,1,2,0,no,yes,no,yes,yes,yes,4,5,2,1,1,5,0,16,0,no,5,0,15
179,GP,M,15,R,GT3,T,4,4,other,other,home,yes,yes,father,4,4,0,no,yes,yes,yes,yes,yes,1,3,5,3,5,1,6,13,0,no,3,8,11
180,GP,M,15,U,GT3,A,2,2,other,other,home,yes,yes,other,1,3,0,no,yes,no,no,yes,yes,4,5,2,1,1,3,0,16,0,no,5,0,15
181,GP,M,15,U,GT3,A,3,4,services,other,course,yes,yes,mother,1,2,0,no,yes,yes,yes,yes,no,5,4,4,1,1,1,0,18,0,no,4,0,16
182,GP,M,15,U,GT3,A,4,4,other,services,reputation,no,yes,mother,1,4,0,no,yes,no,yes,yes,yes,1,3,3,5,5,3,4,12,0,no,3,0,12
183,GP,M,15,U,GT3,T,2,2,other,other,home,yes,yes,mother,1,1,0,no,yes,yes,no,yes,no,4,2,2,1,2,5,2,11,0,no,2,8,12
184,GP,M,15,U,GT3,T,2,2,services,services,course,yes,yes,father,1,1,0,yes,yes,no,no,yes,no,5,4,1,1,1,1,0,11,0,no,4,0,10
185,GP,M,15,U,GT3,T,2,2,services,services,home,yes,yes,father,1,4,0,no,yes,yes,yes,yes,no,5,5,4,1,2,5,6,15,0,no,5,6,13
186,GP,M,15,U,GT3,T,2,3,other,other,home,no,yes,mother,1,3,0,yes,no,yes,no,yes,no,5,3,2,1,2,5,4,11,0,no,3,2,9
187,GP,M,15,U,GT3,T,2,3,other,services,course,no,yes,father,1,1,0,yes,yes,yes,yes,yes,yes,3,2,2,1,3,3,2,12,0,no,2,0,12
188,GP,M,15,U,GT3,T,3,4,other,other,home,yes,yes,mother,1,2,0,no,yes,yes,yes,yes,no,5,5,1,1,1,5,0,15,0,no,5,0,13
189,GP,M,15,U,GT3,T,3,4,other,other,reputation,yes,yes,father,1,1,0,no,no,no,no,yes,no,3,4,3,1,2,4,6,13,0,no,4,2,14
190,GP,M,15,U,GT3,T,3,4,services,services,home,yes,yes,father,1,1,0,yes,no,no,no,yes,no,5,5,5,3,2,5,0,12,0,no,5,2,9
191,GP,M,15,U,GT3,T,4,0,teacher,other,course,yes,yes,mother,2,4,0,no,no,no,yes,yes,no,3,4,3,1,1,1,8,10,0,no,4,0,11
192,GP,M,15,U,GT3,T,4,2,health,services,other,yes,yes,mother,1,1,0,no,no,yes,no,yes,no,2,2,4,2,4,1,4,15,0,no,2,0,11
193,GP,M,15,U,GT3,T,4,2,other,other,course,yes,yes,mother,1,4,0,no,no,no,no,yes,no,3,3,3,1,1,3,0,10,0,no,3,0,10
194,GP,M,15,U,GT3,T,4,2,teacher,other,home,yes,no,mother,1,2,0,no,yes,yes,no,yes,no,4,3,3,2,2,5,2,14,0,no,3,4,13
195,GP,M,15,U,GT3,T,4,3,teacher,other,course,yes,yes,mother,2,2,0,no,yes,yes,no,yes,no,5,4,3,1,2,3,2,11,0,no,4,0,13
196,GP,M,15,U,GT3,T,4,3,teacher,other,home,yes,yes,mother,1,2,0,no,yes,yes,yes,yes,no,4,3,3,2,3,5,6,10,0,no,3,0,11
197,GP,M,15,U,GT3,T,4,3,teacher,other,reputation,yes,yes,mother,1,2,0,no,no,no,no,yes,no,4,4,1,1,1,1,0,15,0,no,4,0,14
198,GP,M,15,U,GT3,T,4,3,teacher,services,course,yes,yes,father,2,4,0,yes,yes,no,no,yes,no,2,2,2,1,1,3,0,0,0,no,2,6,11
199,GP,M,15,U,GT3,T,4,4,health,health,other,yes,yes,father,1,1,0,no,yes,yes,no,yes,no,5,4,2,1,1,5,0,15,0,yes,4,0,12
200,GP,M,15,U,GT3,T,4,4,health,services,home,no,yes,mother,1,2,0,no,yes,yes,no,yes,no,5,4,2,3,4,5,0,12,0,yes,4,0,11
201,GP,M,15,U,GT3,T,4,4,other,teacher,reputation,yes,no,father,2,2,0,no,yes,no,yes,yes,no,4,4,3,1,1,2,2,14,0,no,4,4,16
202,GP,M,15,U,GT3,T,4,4,services,other,course,no,yes,mother,1,1,0,no,yes,no,yes,yes,no,5,3,3,1,1,5,4,14,0,yes,3,2,12
203,GP,M,15,U,GT3,T,4,4,services,services,reputation,yes,yes,mother,2,2,0,no,yes,no,yes,yes,no,4,3,1,1,1,5,0,17,0,no,3,2,15
204,GP,M,15,U,GT3,T,4,4,services,teacher,course,yes,yes,father,1,2,0,no,yes,no,yes,yes,no,4,3,3,1,1,5,2,18,0,no,3,0,15
205,GP,M,15,U,GT3,T,4,4,teacher,health,reputation,yes,no,mother,1,2,0,no,yes,no,yes,yes,no,3,2,2,1,1,5,4,15,0,no,2,8,16
206,GP,M,15,U,LE3,A,2,1,services,other,course,yes,yes,mother,4,1,3,no,no,no,no,yes,no,4,5,5,2,5,5,0,10,0,no,5,0,11
207,GP,M,15,U,LE3,A,3,2,services,other,home,yes,yes,mother,1,2,0,no,yes,yes,no,yes,no,4,2,2,1,1,1,0,19,0,no,2,0,17
208,GP,M,15,U,LE3,A,4,2,health,health,other,yes,no,father,2,1,1,no,no,no,no,yes,no,5,5,5,3,4,5,6,10,0,no,5,4,9
209,GP,M,15,U,LE3,A,4,4,teacher,teacher,course,yes,yes,mother,1,1,0,no,no,no,yes,yes,no,5,5,3,1,1,4,6,19,0,no,5,4,14
210,GP,M,15,U,LE3,T,1,2,other,at_home,home,yes,yes,father,1,2,0,yes,yes,no,yes,yes,no,4,3,2,1,1,5,2,9,0,no,3,0,14
211,GP,M,15,U,LE3,T,2,2,services,health,reputation,yes,yes,mother,1,4,0,no,yes,no,yes,yes,no,4,3,4,1,1,4,6,14,0,no,3,2,12
212,GP,M,15,U,LE3,T,2,2,services,services,home,yes,yes,mother,2,2,0,no,no,yes,yes,yes,no,5,3,3,1,3,4,4,15,0,yes,3,2,13
213,GP,M,15,U,LE3,T,3,3,other,other,course,no,yes,mother,1,2,0,no,no,no,yes,yes,no,5,3,2,1,1,2,0,12,0,no,3,0,12
214,GP,M,15,U,LE3,T,4,2,teacher,other,course,yes,yes,mother,1,1,0,no,no,no,no,yes,no,3,5,2,1,1,3,10,19,0,no,5,10,18
215,GP,M,15,U,LE3,T,4,3,teacher,services,home,yes,yes,mother,1,3,0,no,yes,no,yes,yes,no,5,4,3,1,1,4,2,18,0,no,4,0,14
216,GP,M,15,U,LE3,T,4,4,health,services,course,yes,yes,father,1,1,0,no,yes,yes,yes,yes,no,4,3,3,1,3,5,2,14,0,no,3,0,12
217,GP,M,15,U,LE3,T,4,4,teacher,other,home,no,yes,other,1,1,0,no,yes,no,no,yes,yes,5,4,3,2,4,5,8,12,0,no,4,8,11
218,GP,M,16,R,GT3,A,4,4,other,teacher,reputation,yes,yes,mother,2,3,0,no,yes,no,yes,yes,yes,2,4,3,1,1,5,7,15,0,no,4,4,13
219,GP,M,16,R,GT3,T,2,1,other,other,course,no,no,mother,2,1,0,no,no,no,yes,yes,no,3,3,2,1,3,3,0,8,0,no,3,2,12
220,GP,M,16,R,GT3,T,2,2,at_home,other,course,no,no,mother,3,1,0,no,no,no,no,yes,no,4,2,2,1,2,3,2,15,0,no,2,4,11
221,GP,M,16,R,GT3,T,3,3,services,services,reputation,yes,yes,mother,1,1,0,no,yes,no,yes,yes,no,4,3,2,3,4,5,8,10,0,no,3,0,10
222,GP,M,16,R,GT3,T,4,2,teacher,services,other,yes,yes,mother,1,1,0,no,yes,no,yes,yes,yes,4,3,3,3,4,3,10,9,0,no,3,8,11
223,GP,M,16,R,GT3,T,4,3,services,other,reputation,no,yes,mother,2,1,0,yes,yes,no,yes,yes,no,3,3,3,1,1,4,2,15,0,yes,3,6,11
224,GP,M,16,R,GT3,T,4,4,teacher,teacher,course,yes,yes,mother,1,1,0,no,no,yes,yes,yes,no,3,5,5,2,5,4,8,18,0,no,5,8,15
225,GP,M,16,R,LE3,T,3,3,teacher,other,home,yes,yes,father,3,1,0,no,yes,yes,yes,yes,no,3,3,4,3,5,3,8,10,0,no,3,16,12
226,GP,M,16,U,GT3,T,0,2,other,other,other,no,yes,mother,1,1,0,no,no,yes,no,yes,no,4,3,2,2,4,5,0,15,0,no,3,0,11
227,GP,M,16,U,GT3,T,1,0,other,other,reputation,yes,yes,mother,2,2,0,no,yes,yes,yes,yes,yes,4,3,2,1,1,3,2,16,0,no,3,0,18
228,GP,M,16,U,GT3,T,1,2,services,services,other,yes,yes,mother,1,1,0,no,yes,yes,yes,yes,yes,3,3,3,1,2,3,2,11,0,no,3,0,11
229,GP,M,16,U,GT3,T,2,1,other,other,course,yes,yes,mother,3,1,0,no,no,no,no,yes,no,4,3,3,1,1,4,6,18,0,no,3,7,16
230,GP,M,16,U,GT3,T,2,2,other,other,course,yes,yes,father,1,2,0,no,no,no,no,no,no,4,3,5,2,4,4,4,10,0,no,3,0,11
231,GP,M,16,U,GT3,T,2,2,services,other,reputation,no,yes,father,2,2,1,no,no,yes,yes,yes,no,4,4,2,1,1,3,12,10,0,no,4,6,11
232,GP,M,16,U,GT3,T,2,3,other,other,home,yes,yes,father,2,1,0,no,no,no,no,yes,no,5,3,3,1,1,3,0,14,0,no,3,0,12
233,GP,M,16,U,GT3,T,3,1,other,other,reputation,yes,no,mother,1,1,0,no,no,no,yes,yes,no,5,3,2,2,2,5,2,14,0,no,3,0,14
234,GP,M,16,U,GT3,T,3,1,other,other,reputation,yes,yes,father,2,4,0,no,yes,yes,no,yes,no,4,3,2,1,1,5,0,15,0,no,3,2,11
235,GP,M,16,U,GT3,T,3,2,at_home,other,reputation,yes,yes,mother,2,3,0,no,no,no,yes,yes,yes,5,3,3,1,3,2,10,10,0,no,3,0,12
236,GP,M,16,U,GT3,T,3,2,other,other,home,no,yes,mother,1,1,0,no,yes,yes,no,yes,no,5,4,3,1,1,5,0,15,0,no,4,4,12
237,GP,M,16,U,GT3,T,3,3,at_home,other,reputation,no,yes,other,3,2,0,yes,yes,no,no,yes,no,5,3,3,1,3,2,6,10,1,no,3,4,10
238,GP,M,16,U,GT3,T,3,3,other,services,course,yes,yes,father,1,2,1,no,yes,yes,no,yes,yes,4,5,5,4,4,5,4,12,1,no,5,0,1
239,GP,M,16,U,GT3,T,3,3,other,services,home,yes,yes,father,2,1,0,no,no,no,yes,yes,no,5,4,2,1,1,5,0,13,0,no,4,6,15
240,GP,M,16,U,GT3,T,3,3,services,other,home,yes,yes,father,1,3,0,no,yes,no,yes,yes,no,5,3,3,1,1,5,2,18,0,no,3,4,14
241,GP,M,16,U,GT3,T,3,3,services,other,home,yes,yes,father,1,3,0,no,yes,no,yes,yes,no,5,3,3,1,1,5,2,18,0,no,2,0,13
242,GP,M,16,U,GT3,T,3,3,services,other,home,yes,yes,mother,1,2,0,no,no,yes,yes,yes,yes,4,2,3,1,2,3,2,12,0,no,3,4,14
243,GP,M,16,U,GT3,T,3,3,services,other,home,yes,yes,mother,1,2,0,no,no,yes,yes,yes,yes,4,2,3,1,2,3,2,12,0,no,2,0,13
244,GP,M,16,U,GT3,T,3,4,other,other,course,no,yes,father,3,1,2,no,yes,no,yes,yes,no,3,4,5,2,4,2,0,0,1,no,4,4,10
245,GP,M,16,U,GT3,T,4,3,health,services,reputation,yes,yes,mother,1,4,0,no,no,no,yes,yes,no,4,2,2,1,1,2,4,20,0,no,2,2,17
246,GP,M,16,U,GT3,T,4,3,teacher,other,home,yes,yes,mother,1,2,0,no,yes,yes,yes,yes,no,3,4,3,2,3,3,10,8,0,yes,4,4,11
247,GP,M,16,U,GT3,T,4,4,health,other,course,yes,yes,mother,1,1,0,no,yes,no,yes,yes,no,3,4,4,1,4,5,18,13,0,no,4,4,13
248,GP,M,16,U,GT3,T,4,4,health,other,reputation,yes,yes,father,1,2,0,no,yes,yes,yes,yes,no,4,2,4,2,4,1,2,13,0,no,2,0,14
249,GP,M,16,U,GT3,T,4,4,services,services,course,yes,yes,mother,1,1,0,no,no,no,yes,yes,no,5,3,2,1,2,5,0,12,0,yes,3,4,15
250,GP,M,16,U,GT3,T,4,4,services,services,course,yes,yes,mother,1,1,0,no,no,no,yes,yes,no,5,3,2,1,2,5,0,12,0,no,3,0,13
251,GP,M,16,U,GT3,T,4,4,services,services,other,yes,yes,mother,1,1,0,yes,yes,yes,yes,yes,no,4,5,5,5,5,4,14,5,0,no,5,12,8
252,GP,M,16,U,GT3,T,4,4,services,teacher,other,yes,yes,father,1,3,0,no,yes,no,yes,yes,yes,4,4,3,1,1,4,0,17,0,no,4,0,16
253,GP,M,16,U,GT3,T,4,4,teacher,teacher,course,yes,yes,mother,1,1,0,no,yes,no,no,no,yes,3,3,2,2,1,5,0,0,0,no,4,6,14
254,GP,M,16,U,GT3,T,4,4,teacher,teacher,course,yes,yes,mother,1,1,0,no,yes,no,no,no,yes,3,3,2,2,1,5,0,0,0,no,3,16,8
255,GP,M,16,U,GT3,T,4,4,teacher,teacher,course,yes,yes,father,1,2,0,no,yes,no,yes,yes,no,5,4,4,1,2,5,2,16,0,no,4,6,14
256,GP,M,16,U,GT3,T,4,4,teacher,teacher,course,yes,yes,father,1,2,0,no,yes,no,yes,yes,no,5,4,4,1,2,5,2,16,0,no,3,16,8
257,GP,M,16,U,GT3,T,4,4,teacher,teacher,home,yes,yes,mother,1,2,0,no,yes,yes,yes,yes,yes,4,4,5,5,5,5,16,11,0,yes,4,4,12
258,GP,M,16,U,LE3,A,3,4,services,other,home,yes,yes,mother,1,2,0,yes,yes,no,yes,yes,no,5,3,3,1,1,5,4,11,0,yes,3,2,13
259,GP,M,16,U,LE3,A,4,4,teacher,health,reputation,yes,no,mother,1,2,0,no,yes,no,no,yes,no,4,1,3,3,5,5,18,7,0,no,1,6,10
260,GP,M,16,U,LE3,T,1,1,other,other,home,yes,yes,mother,2,2,0,no,yes,yes,no,yes,no,3,4,2,1,1,5,18,6,0,no,4,2,9
261,GP,M,16,U,LE3,T,1,1,services,other,course,yes,no,mother,1,2,1,no,no,no,no,yes,yes,4,4,4,1,3,5,0,12,2,no,4,0,10
262,GP,M,16,U,LE3,T,2,1,at_home,other,course,yes,no,mother,1,1,1,no,no,no,yes,yes,yes,4,4,4,3,5,5,6,14,1,no,4,6,10
263,GP,M,16,U,LE3,T,2,1,other,other,course,yes,yes,mother,1,2,0,no,no,yes,yes,yes,yes,4,2,3,1,2,5,0,15,0,no,2,0,16
264,GP,M,16,U,LE3,T,2,2,other,other,home,yes,yes,mother,1,2,0,no,no,no,no,yes,no,4,4,4,1,1,3,0,11,0,no,4,0,13
265,GP,M,16,U,LE3,T,2,2,other,other,reputation,yes,yes,mother,2,2,0,no,yes,no,yes,yes,no,5,4,4,2,4,5,0,12,0,no,4,2,10
266,GP,M,16,U,LE3,T,2,2,services,services,reputation,yes,yes,father,2,1,2,no,yes,no,yes,yes,no,2,3,3,2,2,2,8,9,0,no,3,4,11
267,GP,M,16,U,LE3,T,4,2,teacher,other,course,yes,yes,mother,1,2,0,no,no,no,yes,yes,no,4,5,1,1,3,5,2,16,0,no,5,0,14
268,GP,M,16,U,LE3,T,4,3,health,other,home,yes,yes,father,1,1,0,no,no,yes,yes,yes,no,3,1,3,1,3,5,4,10,0,no,1,6,12
269,GP,M,16,U,LE3,T,4,3,services,other,reputation,yes,yes,mother,1,2,0,no,yes,yes,yes,yes,no,5,4,2,1,2,5,10,15,0,no,4,6,13
270,GP,M,16,U,LE3,T,4,3,teacher,other,course,no,yes,mother,1,1,0,no,no,no,yes,yes,no,5,4,5,1,1,3,0,0,0,no,4,7,15
271,GP,M,17,R,GT3,T,1,2,at_home,at_home,home,no,no,mother,1,2,0,no,yes,yes,yes,yes,yes,3,5,2,2,2,1,2,14,0,no,5,2,18
272,GP,M,17,R,GT3,T,1,2,at_home,other,home,yes,no,mother,1,2,0,no,no,no,no,yes,no,3,1,3,1,5,3,4,10,0,no,1,6,10
273,GP,M,17,R,GT3,T,1,3,other,other,course,yes,yes,father,3,2,1,no,yes,no,yes,yes,no,5,2,4,1,4,5,20,8,1,no,2,14,11
274,GP,M,17,R,GT3,T,2,1,other,other,course,no,yes,mother,1,1,0,no,no,no,no,yes,no,4,4,2,2,4,5,0,12,0,no,4,0,13
275,GP,M,17,R,GT3,T,2,2,other,other,course,yes,yes,father,2,2,0,no,yes,yes,yes,yes,no,4,5,2,1,1,1,4,11,0,no,5,0,13
276,GP,M,17,R,GT3,T,2,2,services,other,course,yes,yes,mother,4,1,0,no,yes,no,no,yes,no,4,4,5,5,5,4,8,10,0,no,4,2,10
277,GP,M,17,R,GT3,T,3,4,at_home,other,course,yes,no,mother,3,2,0,no,no,no,no,yes,no,5,4,5,2,4,5,0,0,0,no,4,2,10
278,GP,M,17,R,LE3,A,4,4,teacher,other,course,yes,yes,mother,2,2,0,no,yes,yes,no,yes,no,3,3,3,2,3,4,2,12,0,no,3,0,12
279,GP,M,17,R,LE3,T,1,1,other,services,course,yes,no,mother,4,2,3,no,no,no,yes,no,yes,5,3,5,1,5,5,0,7,0,no,3,0,8
280,GP,M,17,R,LE3,T,1,2,other,other,reputation,yes,no,mother,1,1,0,no,no,no,no,yes,no,2,2,2,3,3,5,8,13,3,no,2,14,10
281,GP,M,17,R,LE3,T,2,1,at_home,other,course,yes,yes,mother,2,1,2,no,no,no,yes,no,yes,3,3,2,2,2,5,0,0,1,yes,3,8,9
282,GP,M,17,U,GT3,T,1,1,other,other,reputation,no,yes,father,1,2,0,no,no,yes,no,yes,no,4,3,3,1,2,4,2,11,0,no,3,0,12
283,GP,M,17,U,GT3,T,1,2,at_home,services,other,no,yes,other,2,2,0,no,no,yes,yes,yes,no,4,4,4,4,5,5,12,8,0,no,4,16,12
284,GP,M,17,U,GT3,T,2,1,other,other,home,yes,yes,mother,1,1,3,no,yes,no,no,yes,no,5,4,5,1,2,5,0,0,3,no,5,0,10
285,GP,M,17,U,GT3,T,2,1,other,other,home,yes,yes,mother,1,1,3,no,yes,no,no,yes,no,5,4,5,1,2,5,0,0,0,no,4,22,6
286,GP,M,17,U,GT3,T,2,1,other,other,home,yes,yes,mother,2,1,3,yes,yes,no,yes,no,no,4,5,1,1,1,3,2,10,3,no,5,0,10
287,GP,M,17,U,GT3,T,2,1,other,other,home,yes,yes,mother,2,1,3,yes,yes,no,yes,no,no,4,5,1,1,1,3,2,10,0,no,4,22,6
288,GP,M,17,U,GT3,T,2,3,other,other,course,yes,yes,father,2,1,0,no,no,no,no,yes,no,5,2,2,1,1,2,4,13,0,no,2,2,13
289,GP,M,17,U,GT3,T,3,1,services,other,other,yes,yes,mother,1,2,0,no,no,yes,yes,yes,yes,5,4,4,3,4,5,2,10,0,no,4,0,14
290,GP,M,17,U,GT3,T,3,2,services,services,course,yes,yes,mother,1,1,3,no,yes,no,yes,yes,no,5,5,5,2,4,5,16,5,3,yes,5,2,7
291,GP,M,17,U,GT3,T,3,3,health,other,home,yes,yes,mother,1,1,0,no,yes,yes,no,yes,no,4,4,3,1,3,5,4,11,0,no,4,0,15
292,GP,M,17,U,GT3,T,3,3,other,other,reputation,no,yes,father,1,2,0,no,no,no,yes,yes,no,4,3,4,1,4,4,4,6,0,no,3,4,10
293,GP,M,17,U,GT3,T,3,3,other,services,reputation,no,yes,mother,1,1,0,no,no,no,yes,yes,no,4,3,5,3,5,5,3,16,0,no,3,0,17
294,GP,M,17,U,GT3,T,3,3,services,services,other,yes,yes,mother,1,2,0,no,yes,no,yes,yes,yes,4,3,4,2,3,4,12,11,0,no,3,6,14
295,GP,M,17,U,GT3,T,4,3,other,other,course,yes,yes,mother,1,2,0,no,yes,no,yes,yes,yes,5,2,3,1,1,2,4,11,0,yes,2,4,13
296,GP,M,17,U,GT3,T,4,4,services,teacher,home,yes,yes,mother,1,1,0,no,no,no,no,yes,no,5,2,3,1,2,5,4,16,0,no,2,4,14
297,GP,M,17,U,GT3,T,4,4,teacher,teacher,reputation,yes,yes,mother,1,2,0,yes,yes,no,yes,yes,yes,4,5,5,1,3,2,14,9,0,no,5,0,13
298,GP,M,17,U,LE3,A,3,2,teacher,services,home,yes,yes,mother,1,1,1,no,no,no,no,yes,no,4,4,4,3,4,3,19,10,0,no,4,18,13
299,GP,M,17,U,LE3,A,4,1,services,other,home,yes,yes,mother,2,1,0,no,no,yes,yes,yes,yes,4,5,4,2,4,5,30,8,0,no,5,22,10
300,GP,M,17,U,LE3,T,1,1,health,other,course,yes,yes,mother,2,1,1,no,yes,no,yes,yes,no,4,4,4,1,2,5,2,8,1,no,4,0,10
301,GP,M,17,U,LE3,T,2,2,other,other,home,no,yes,father,1,2,0,no,no,yes,yes,yes,yes,4,4,2,5,5,4,4,13,0,no,4,0,16
302,GP,M,17,U,LE3,T,2,3,services,services,reputation,no,yes,father,1,2,0,no,yes,yes,no,yes,no,5,3,3,1,3,3,2,12,0,no,3,0,11
303,GP,M,17,U,LE3,T,4,3,health,other,course,yes,yes,mother,2,2,0,no,no,no,yes,yes,yes,2,5,5,1,4,5,14,12,0,no,5,8,15
304,GP,M,17,U,LE3,T,4,3,teacher,other,course,yes,yes,mother,2,2,0,no,no,yes,yes,yes,no,4,4,4,4,4,4,4,9,0,no,4,0,11
305,GP,M,17,U,LE3,T,4,4,other,teacher,home,yes,yes,father,2,1,0,no,no,yes,no,yes,no,4,1,1,2,2,5,0,10,0,no,1,0,13
306,GP,M,17,U,LE3,T,4,4,services,other,home,yes,yes,mother,1,2,0,no,yes,yes,no,yes,yes,5,3,5,4,5,3,13,13,0,no,3,15,12
307,GP,M,17,U,LE3,T,4,4,teacher,other,reputation,yes,yes,mother,1,2,0,no,yes,yes,yes,yes,no,4,4,4,1,3,5,0,10,0,no,4,0,10
308,GP,M,18,R,GT3,T,3,2,other,other,course,no,no,mother,1,3,0,no,no,no,yes,yes,no,5,3,2,1,1,3,1,12,0,no,3,2,12
309,GP,M,18,R,GT3,T,4,3,teacher,services,course,yes,yes,mother,1,3,0,no,no,no,no,yes,yes,5,3,2,1,2,4,9,16,0,no,3,4,17
310,GP,M,18,R,LE3,A,3,4,other,other,reputation,yes,yes,mother,2,2,0,no,yes,yes,yes,yes,no,4,2,5,3,4,1,13,17,0,no,2,6,16
311,GP,M,18,R,LE3,T,3,2,services,other,reputation,yes,yes,mother,2,3,0,no,yes,yes,yes,yes,no,5,4,2,1,1,4,8,14,0,no,4,0,15
312,GP,M,18,R,LE3,T,3,3,other,services,course,yes,yes,mother,1,2,1,no,yes,no,no,yes,yes,4,3,3,1,3,5,8,5,0,no,3,8,10
313,GP,M,18,U,GT3,T,2,1,other,other,home,yes,yes,mother,1,2,0,no,no,no,yes,yes,no,5,2,4,1,2,4,8,14,0,no,2,2,16
314,GP,M,18,U,GT3,T,2,1,services,services,other,no,yes,mother,1,1,1,no,no,no,no,no,no,3,2,5,2,5,5,4,8,2,no,2,4,6
315,GP,M,18,U,GT3,T,2,1,services,services,reputation,yes,yes,mother,1,3,0,no,no,yes,yes,yes,no,4,2,4,1,3,2,6,14,0,no,2,0,15
316,GP,M,18,U,GT3,T,2,2,other,other,home,yes,yes,mother,2,2,0,no,yes,yes,no,yes,no,3,3,3,5,5,4,0,13,3,yes,3,9,10
317,GP,M,18,U,GT3,T,2,2,other,services,reputation,yes,yes,father,1,2,1,no,no,no,no,no,no,5,5,4,3,5,2,0,0,0,no,5,16,8
318,GP,M,18,U,GT3,T,2,2,services,other,home,yes,yes,mother,1,2,1,no,yes,yes,yes,yes,no,4,4,4,2,4,5,15,8,0,no,4,10,11
319,GP,M,18,U,GT3,T,3,2,services,other,course,yes,yes,mother,2,1,1,no,no,no,no,no,no,4,4,5,2,4,5,0,8,0,no,4,8,7
320,GP,M,18,U,GT3,T,4,2,health,other,reputation,yes,yes,father,1,2,0,no,yes,yes,yes,yes,yes,5,4,5,1,3,5,10,10,0,no,4,4,14
321,GP,M,18,U,GT3,T,4,2,teacher,other,home,yes,yes,mother,1,2,0,no,yes,yes,yes,yes,yes,4,3,2,1,4,5,11,11,0,no,3,2,16
322,GP,M,18,U,GT3,T,4,3,teacher,other,course,no,yes,mother,1,2,0,no,yes,yes,no,yes,no,4,3,2,1,1,3,2,8,0,no,3,2,11
323,GP,M,18,U,GT3,T,4,3,teacher,other,course,yes,yes,mother,1,3,0,no,yes,yes,no,yes,yes,5,4,5,2,3,5,0,9,0,no,4,0,14
324,GP,M,18,U,GT3,T,4,4,other,other,course,yes,yes,mother,1,3,0,no,no,no,yes,yes,no,4,3,3,2,2,3,3,11,0,no,3,0,13
325,GP,M,18,U,GT3,T,4,4,teacher,services,home,yes,yes,mother,2,1,0,no,no,yes,yes,yes,no,3,2,4,1,4,3,22,9,0,no,3,0,13
326,GP,M,18,U,GT3,T,4,4,teacher,services,home,yes,yes,mother,2,1,0,no,no,yes,yes,yes,no,3,2,4,1,4,3,22,9,0,no,2,6,12
327,GP,M,18,U,GT3,T,4,4,teacher,services,home,yes,yes,father,1,2,1,no,yes,no,yes,yes,no,4,3,3,2,2,2,0,0,0,no,3,0,13
328,GP,M,18,U,GT3,T,4,4,teacher,services,home,yes,yes,father,1,2,1,no,yes,no,yes,yes,no,4,3,3,2,2,2,0,0,0,no,2,6,12
329,GP,M,18,U,LE3,A,4,4,teacher,teacher,reputation,yes,yes,mother,1,2,0,no,yes,yes,yes,yes,no,5,4,3,1,1,2,9,15,0,no,4,0,17
330,GP,M,18,U,LE3,T,1,1,other,other,course,yes,yes,mother,1,1,3,no,no,no,no,no,yes,2,3,5,2,5,4,0,0,2,no,3,0,0
331,GP,M,18,U,LE3,T,2,1,at_home,other,course,yes,yes,mother,4,2,0,yes,yes,yes,yes,yes,yes,4,3,2,4,5,3,14,9,0,no,3,2,11
332,GP,M,18,U,LE3,T,2,2,other,other,course,yes,yes,mother,1,4,0,no,yes,no,yes,yes,no,4,5,5,2,4,5,2,8,0,yes,5,0,12
333,GP,M,18,U,LE3,T,3,3,services,health,home,yes,yes,father,1,2,1,no,yes,yes,no,yes,no,3,2,4,2,4,4,13,8,0,no,2,10,10
334,GP,M,18,U,LE3,T,3,4,services,other,home,yes,yes,mother,1,2,0,no,no,no,yes,yes,yes,4,3,3,1,3,5,11,15,0,no,3,6,17
335,GP,M,18,U,LE3,T,4,3,teacher,services,course,yes,yes,mother,2,1,0,no,no,yes,yes,yes,no,4,2,3,1,2,1,8,10,0,no,2,0,10
336,GP,M,18,U,LE3,T,4,4,teacher,teacher,home,yes,yes,mother,1,1,0,no,yes,yes,no,yes,yes,1,4,2,2,2,1,5,16,0,no,4,0,17
337,GP,M,19,R,GT3,T,3,3,other,services,reputation,yes,no,father,1,2,1,no,no,no,yes,yes,yes,4,5,3,1,2,5,0,12,0,no,5,0,11
338,GP,M,19,U,GT3,T,3,2,services,at_home,home,yes,yes,mother,1,1,3,no,yes,no,no,no,yes,4,5,4,1,1,4,0,0,0,no,5,6,11
339,GP,M,19,U,LE3,A,4,3,services,at_home,reputation,yes,yes,mother,1,2,0,no,yes,no,no,yes,no,4,3,1,1,1,1,12,11,0,no,3,4,14
340,GP,M,20,U,GT3,A,3,2,services,other,course,yes,no,other,1,1,0,no,no,no,yes,yes,no,5,5,3,1,1,5,0,18,2,no,5,0,15
341,GP,M,22,U,GT3,T,3,1,services,services,other,no,yes,mother,1,1,3,no,no,no,no,no,yes,5,4,5,5,5,1,16,8,3,no,4,12,5
342,MS,F,17,R,GT3,T,1,1,other,services,reputation,yes,yes,mother,3,1,1,no,yes,yes,no,yes,yes,5,2,1,1,2,1,0,0,1,no,2,0,9
343,MS,F,17,R,GT3,T,1,2,other,other,course,yes,yes,mother,1,1,0,no,no,no,yes,yes,no,3,5,5,1,3,1,14,5,0,no,5,4,9
344,MS,F,17,R,GT3,T,1,2,other,services,course,no,no,father,2,2,0,no,no,no,no,yes,no,3,2,2,1,2,3,0,12,0,no,2,0,13
345,MS,F,17,R,GT3,T,3,1,at_home,other,reputation,no,yes,mother,1,2,0,no,yes,yes,yes,yes,no,4,5,4,2,3,1,17,10,0,no,5,10,9
346,MS,F,17,R,GT3,T,4,4,teacher,services,other,yes,yes,father,2,2,0,no,yes,yes,yes,yes,no,4,3,3,1,2,5,4,13,0,yes,3,2,12
347,MS,F,17,U,GT3,T,2,2,other,at_home,home,yes,no,mother,1,3,0,no,no,no,yes,yes,yes,3,4,3,1,1,3,8,11,0,no,4,8,12
348,MS,F,17,U,LE3,A,3,2,services,other,reputation,yes,no,mother,2,2,0,no,no,no,no,yes,yes,1,2,3,1,2,5,2,11,0,no,2,0,15
349,MS,F,17,U,LE3,T,4,4,at_home,at_home,course,yes,yes,mother,1,2,0,no,yes,yes,yes,yes,yes,2,3,4,1,1,1,0,15,0,no,3,4,15
350,MS,F,18,R,GT3,T,1,1,other,other,home,yes,yes,mother,4,3,0,no,no,no,no,yes,no,4,3,2,1,2,4,2,10,0,no,3,4,12
351,MS,F,18,R,GT3,T,2,2,at_home,other,other,yes,no,mother,2,3,0,no,no,yes,no,yes,no,5,3,3,1,3,4,2,10,0,no,3,0,15
352,MS,F,18,R,GT3,T,4,4,other,teacher,other,no,yes,father,3,2,0,no,yes,yes,no,yes,yes,3,2,2,4,2,5,10,11,0,no,2,0,0
353,MS,F,18,R,GT3,T,4,4,teacher,at_home,reputation,yes,yes,mother,3,1,0,no,yes,yes,yes,yes,yes,4,4,3,2,2,5,7,6,0,no,4,4,10
354,MS,F,18,R,LE3,T,4,4,other,other,reputation,yes,yes,mother,2,3,0,no,no,no,no,yes,no,5,4,4,1,1,1,0,19,0,no,4,0,17
355,MS,F,18,R,LE3,T,4,4,teacher,services,course,yes,yes,mother,1,2,0,no,no,yes,yes,yes,no,5,4,3,3,4,2,4,10,0,no,4,1,14
356,MS,F,18,U,GT3,T,1,1,other,other,course,yes,no,mother,2,2,1,no,no,no,yes,yes,no,1,1,1,1,1,5,0,0,2,no,4,3,7
357,MS,F,18,U,GT3,T,1,1,other,other,course,yes,no,mother,2,2,1,no,no,no,yes,yes,no,1,1,1,1,1,5,0,0,0,no,1,6,9
358,MS,F,18,U,GT3,T,2,3,at_home,services,course,yes,yes,father,2,1,0,no,yes,yes,no,yes,yes,5,2,3,1,2,4,0,10,0,no,2,0,10
359,MS,F,18,U,GT3,T,3,3,other,other,home,yes,yes,mother,1,2,0,no,no,yes,no,yes,yes,4,1,3,1,2,1,0,15,0,no,1,1,16
360,MS,F,18,U,GT3,T,3,3,services,services,course,yes,no,father,1,2,0,no,yes,no,no,yes,yes,5,3,4,1,1,5,0,9,0,no,3,0,10
361,MS,F,18,U,GT3,T,3,3,services,services,other,yes,yes,mother,2,2,0,no,yes,no,no,yes,yes,4,3,2,1,3,3,0,10,0,no,3,6,13
362,MS,F,18,U,LE3,T,1,1,at_home,services,course,yes,yes,father,2,3,0,no,no,no,no,yes,no,5,3,2,1,1,4,0,16,0,no,3,0,18
363,MS,F,18,U,LE3,T,3,1,teacher,services,course,yes,yes,mother,1,2,0,no,yes,yes,no,yes,no,4,3,4,1,1,1,0,8,0,no,3,4,16
364,MS,F,19,R,GT3,T,2,3,services,other,course,no,yes,mother,1,3,1,no,no,no,yes,yes,no,5,4,2,1,2,5,0,0,1,no,4,4,10
365,MS,M,17,R,GT3,T,4,3,services,other,home,no,yes,mother,2,2,0,no,yes,yes,yes,yes,yes,4,5,5,1,3,2,4,11,1,yes,5,4,11
366,MS,M,17,U,GT3,T,2,3,other,services,home,yes,yes,father,2,2,0,no,no,no,yes,yes,no,4,4,3,1,1,3,2,10,0,no,4,4,16
367,MS,M,17,U,GT3,T,3,3,health,other,course,yes,yes,mother,2,2,0,no,yes,yes,no,yes,no,4,5,4,2,3,3,2,13,1,no,5,4,10
368,MS,M,17,U,LE3,T,3,1,services,services,course,no,yes,mother,2,1,0,no,no,no,no,yes,no,2,4,5,3,4,2,3,16,0,no,4,6,10
369,MS,M,18,R,GT3,T,1,3,at_home,other,course,yes,no,mother,2,2,0,no,yes,yes,no,yes,no,3,3,4,2,4,3,4,10,0,yes,3,0,9
370,MS,M,18,R,GT3,T,2,1,other,other,other,no,yes,mother,2,1,0,no,no,no,yes,yes,yes,4,4,3,1,3,5,5,7,0,no,4,0,0
371,MS,M,18,R,GT3,T,3,2,other,other,course,no,yes,mother,2,1,1,no,yes,no,no,yes,no,2,5,5,5,5,5,10,13,0,no,5,8,11
372,MS,M,18,R,GT3,T,4,2,other,other,home,yes,no,father,2,1,1,no,no,yes,no,yes,no,5,4,3,4,3,3,14,5,1,yes,4,0,0
373,MS,M,18,R,LE3,T,1,2,at_home,services,other,yes,yes,father,3,1,0,no,yes,yes,yes,no,yes,4,3,3,2,3,3,3,12,0,no,3,3,10
374,MS,M,18,R,LE3,T,3,2,services,other,course,no,yes,mother,3,1,0,no,no,no,no,yes,no,4,4,1,3,4,5,0,10,0,no,4,4,11
375,MS,M,18,U,GT3,T,4,4,teacher,teacher,home,no,yes,father,1,2,0,no,no,yes,yes,yes,no,3,2,4,1,4,2,4,14,0,no,2,4,19
376,MS,M,18,U,LE3,T,1,1,other,services,home,no,yes,father,2,1,0,no,no,no,no,yes,yes,3,3,2,1,2,3,4,10,0,no,3,2,14
377,MS,M,18,U,LE3,T,1,3,at_home,services,course,yes,yes,mother,1,1,1,no,no,no,no,no,yes,4,3,3,2,3,3,7,8,0,no,3,0,9
378,MS,M,18,U,LE3,T,4,4,teacher,services,other,yes,yes,mother,2,3,0,no,no,yes,no,yes,yes,4,2,2,2,2,5,0,13,0,no,2,0,16
379,MS,M,19,R,GT3,T,1,1,other,other,home,yes,yes,other,3,1,1,no,yes,no,no,yes,no,4,4,4,3,3,5,4,8,1,no,4,4,10
380,MS,M,19,R,GT3,T,1,1,other,services,home,yes,yes,other,3,2,3,no,no,no,no,yes,no,5,4,4,3,3,2,8,8,1,no,4,8,11
381,MS,M,19,R,GT3,T,1,1,other,services,other,yes,no,mother,2,1,1,no,no,no,no,yes,no,4,3,2,1,3,5,0,0,1,no,3,0,0
